"payment_id","customer_id","staff_id","rental_id","amount","payment_date"
17503,341,2,1520,"7.99","2007-02-15 22:25:46.996577"
17504,341,1,1778,"1.99","2007-02-16 17:23:14.996577"
17505,341,1,1849,"7.99","2007-02-16 22:41:45.996577"
17506,341,2,2829,"2.99","2007-02-19 19:39:56.996577"
17507,341,2,3130,"7.99","2007-02-20 17:31:48.996577"
17508,341,1,3382,"5.99","2007-02-21 12:33:49.996577"
17509,342,2,2190,"5.99","2007-02-17 23:58:17.996577"
17510,342,1,2914,"5.99","2007-02-20 02:11:44.996577"
17511,342,1,3081,"2.99","2007-02-20 13:57:39.996577"
17512,343,2,1547,"4.99","2007-02-16 00:10:50.996577"
17513,343,1,1564,"6.99","2007-02-16 01:15:33.996577"
17514,343,2,1879,"0.99","2007-02-17 01:26:00.996577"
17515,343,2,1922,"0.99","2007-02-17 04:32:51.996577"
17516,343,2,2461,"6.99","2007-02-18 18:26:38.996577"
17517,343,1,2980,"8.99","2007-02-20 07:03:29.996577"
17518,343,1,3407,"0.99","2007-02-21 14:42:28.996577"
17519,344,1,1341,"3.99","2007-02-15 10:54:44.996577"
17520,344,2,1475,"4.99","2007-02-15 19:36:27.996577"
17521,344,1,1731,"0.99","2007-02-16 14:00:38.996577"
17522,345,2,1210,"0.99","2007-02-15 01:26:17.996577"
17523,345,1,1457,"4.99","2007-02-15 18:34:15.996577"
17524,345,2,1550,"0.99","2007-02-16 00:27:01.996577"
17525,345,2,2766,"4.99","2007-02-19 16:13:41.996577"
17526,346,1,1994,"5.99","2007-02-17 09:35:32.996577"
17527,346,2,3372,"2.99","2007-02-21 12:02:45.996577"
17528,346,1,3421,"2.99","2007-02-21 15:51:24.996577"
17529,347,2,1711,"8.99","2007-02-16 12:40:18.996577"
17530,347,2,2274,"0.99","2007-02-18 04:59:41.996577"
17531,347,1,3026,"4.99","2007-02-20 10:16:26.996577"
17532,347,1,3092,"8.99","2007-02-20 14:33:08.996577"
